Bug_ID,Date_Detected,Environment,Detected_By,Agent_ID,Severity,Application_Platform
B2001,2026-01-28 10:00:00,UAT,QA Team,A20,Minor,Salesforce Flows
B2002,2026-02-12 13:00:00,UAT,QA Team,A15,Major,Non-Salesforce Native
B2003,2026-02-05 15:00:00,Production,Client User,A20,Minor,Salesforce Flows
B2004,2026-01-06 10:00:00,UAT,QA Team,A15,Major,Non-Salesforce Native
B2005,2026-02-03 14:00:00,UAT,QA Team,A45,Major,Non-Salesforce Native
B2006,2026-02-22 16:00:00,Production,Client User,A05,Critical,Non-Salesforce Native
B2007,2026-01-19 10:00:00,UAT,QA Team,A45,Minor,Salesforce Flows
B2008,2026-04-16 12:00:00,UAT,QA Team,A45,Major,Salesforce Flows
B2009,2026-03-07 14:00:00,UAT,QA Team,A10,Major,Non-Salesforce Native
B2010,2026-04-15 16:00:00,UAT,QA Team,A20,Critical,Non-Salesforce Native
B2011,2026-04-14 13:00:00,Production,Client User,A20,Critical,Non-Salesforce Native
B2012,2026-01-27 09:00:00,UAT,QA Team,A40,Minor,Salesforce Flows
B2013,2026-02-14 10:00:00,Production,Client User,A40,Critical,Non-Salesforce Native
B2014,2026-03-16 14:00:00,Production,Client User,A45,Major,Non-Salesforce Native
B2015,2026-03-12 12:00:00,UAT,QA Team,A05,Critical,Salesforce Flows
B2016,2026-02-03 13:00:00,UAT,QA Team,A35,Minor,Salesforce Flows
B2017,2026-01-28 11:00:00,UAT,QA Team,A40,Major,Salesforce Flows
B2018,2026-03-09 15:00:00,UAT,QA Team,A45,Minor,Non-Salesforce Native
B2019,2026-04-04 11:00:00,Production,Client User,A40,Minor,Non-Salesforce Native
B2020,2026-04-30 12:00:00,UAT,QA Team,A05,Minor,Salesforce Flows
B2021,2026-03-19 13:00:00,UAT,QA Team,A15,Minor,Non-Salesforce Native
B2022,2026-04-05 15:00:00,Production,Client User,A10,Major,Non-Salesforce Native
B2023,2026-03-16 10:00:00,UAT,QA Team,A25,Major,Salesforce Flows
B2024,2026-03-14 16:00:00,Production,Client User,A50,Critical,Non-Salesforce Native
B2025,2026-03-16 14:00:00,UAT,QA Team,A50,Critical,Salesforce Flows
B2026,2026-02-05 14:00:00,Production,Client User,A45,Minor,Non-Salesforce Native
B2027,2026-02-24 09:00:00,UAT,QA Team,A30,Critical,Salesforce Flows
B2028,2026-02-15 12:00:00,Production,Client User,A50,Major,Salesforce Flows
B2029,2026-02-26 15:00:00,UAT,QA Team,A15,Critical,Salesforce Flows
B2030,2026-03-19 12:00:00,UAT,QA Team,A30,Minor,Non-Salesforce Native
B2031,2026-01-21 13:00:00,UAT,QA Team,A30,Major,Salesforce Flows
B2032,2026-03-16 11:00:00,UAT,QA Team,A50,Major,Non-Salesforce Native
B2033,2026-01-29 11:00:00,Production,Client User,A45,Minor,Salesforce Flows
B2034,2026-02-17 11:00:00,UAT,QA Team,A15,Minor,Salesforce Flows
B2035,2026-02-28 09:00:00,UAT,QA Team,A40,Minor,Salesforce Flows
B2036,2026-02-26 16:00:00,UAT,QA Team,A10,Minor,Non-Salesforce Native
B2037,2026-03-21 16:00:00,UAT,QA Team,A20,Minor,Non-Salesforce Native
B2038,2026-04-20 13:00:00,Production,Client User,A35,Critical,Non-Salesforce Native
B2039,2026-03-07 10:00:00,Production,Client User,A40,Major,Non-Salesforce Native
B2040,2026-03-23 09:00:00,Production,Client User,A15,Minor,Non-Salesforce Native
B2041,2026-02-22 16:00:00,Production,Client User,A35,Critical,Non-Salesforce Native
B2042,2026-03-26 15:00:00,UAT,QA Team,A35,Major,Salesforce Flows
B2043,2026-04-10 16:00:00,Production,Client User,A25,Major,Salesforce Flows
B2044,2026-02-15 13:00:00,UAT,QA Team,A40,Major,Salesforce Flows
B2045,2026-01-14 15:00:00,UAT,QA Team,A05,Major,Salesforce Flows
B2046,2026-03-05 14:00:00,Production,Client User,A35,Critical,Non-Salesforce Native
B2047,2026-03-09 12:00:00,UAT,QA Team,A40,Minor,Salesforce Flows
B2048,2026-02-01 15:00:00,UAT,QA Team,A50,Minor,Non-Salesforce Native
B2049,2026-03-31 11:00:00,UAT,QA Team,A20,Minor,Salesforce Flows
B2050,2026-02-11 12:00:00,UAT,QA Team,A30,Minor,Salesforce Flows
B2051,2026-02-11 12:00:00,UAT,QA Team,A45,Minor,Salesforce Flows
B2052,2026-02-20 13:00:00,Production,Client User,A40,Major,Non-Salesforce Native
B2053,2026-04-10 10:00:00,UAT,QA Team,A35,Major,Salesforce Flows
B2054,2026-01-03 13:00:00,UAT,QA Team,A10,Minor,Non-Salesforce Native
B2055,2026-03-14 14:00:00,UAT,QA Team,A25,Critical,Salesforce Flows
B2056,2026-01-07 09:00:00,UAT,QA Team,A50,Minor,Non-Salesforce Native
B2057,2026-01-30 15:00:00,UAT,QA Team,A40,Minor,Non-Salesforce Native
B2058,2026-02-28 12:00:00,Production,Client User,A05,Critical,Non-Salesforce Native
B2059,2026-02-13 15:00:00,UAT,QA Team,A15,Minor,Non-Salesforce Native
B2060,2026-04-23 09:00:00,Production,Client User,A30,Minor,Non-Salesforce Native
B2061,2026-02-10 15:00:00,UAT,QA Team,A30,Minor,Non-Salesforce Native
B2062,2026-01-31 16:00:00,UAT,QA Team,A50,Minor,Non-Salesforce Native
B2063,2026-01-06 12:00:00,UAT,QA Team,A45,Minor,Salesforce Flows
B2064,2026-04-20 15:00:00,Production,Client User,A10,Minor,Non-Salesforce Native
B2065,2026-04-25 15:00:00,UAT,QA Team,A20,Minor,Salesforce Flows
B2066,2026-01-28 10:00:00,UAT,QA Team,A25,Major,Non-Salesforce Native
B2067,2026-03-10 14:00:00,Production,Client User,A10,Critical,Salesforce Flows
B2068,2026-01-25 14:00:00,Production,Client User,A30,Critical,Non-Salesforce Native
B2069,2026-02-01 12:00:00,UAT,QA Team,A05,Major,Salesforce Flows
B2070,2026-03-30 10:00:00,UAT,QA Team,A25,Major,Non-Salesforce Native
B2071,2026-01-17 13:00:00,Production,Client User,A25,Minor,Salesforce Flows
B2072,2026-03-17 12:00:00,UAT,QA Team,A45,Critical,Non-Salesforce Native
B2073,2026-04-30 16:00:00,UAT,QA Team,A25,Minor,Salesforce Flows
B2074,2026-03-31 10:00:00,UAT,QA Team,A05,Minor,Non-Salesforce Native
B2075,2026-01-21 14:00:00,Production,Client User,A25,Critical,Non-Salesforce Native
B2076,2026-01-21 16:00:00,UAT,QA Team,A10,Major,Non-Salesforce Native
B2077,2026-01-15 10:00:00,Production,Client User,A20,Minor,Non-Salesforce Native
B2078,2026-04-27 14:00:00,UAT,QA Team,A45,Minor,Salesforce Flows
B2079,2026-02-25 13:00:00,UAT,QA Team,A40,Minor,Non-Salesforce Native
B2080,2026-01-04 09:00:00,UAT,QA Team,A50,Minor,Non-Salesforce Native
B2081,2026-01-31 12:00:00,Production,Client User,A35,Minor,Salesforce Flows
B2082,2026-03-28 12:00:00,UAT,QA Team,A05,Minor,Non-Salesforce Native
B2083,2026-03-29 16:00:00,UAT,QA Team,A50,Minor,Salesforce Flows
B2084,2026-03-11 11:00:00,Production,Client User,A50,Minor,Non-Salesforce Native
B2085,2026-01-24 12:00:00,UAT,QA Team,A25,Minor,Non-Salesforce Native
B2086,2026-01-28 15:00:00,Production,Client User,A15,Major,Non-Salesforce Native
B2087,2026-01-09 16:00:00,Production,Client User,A45,Major,Non-Salesforce Native
B2088,2026-03-27 16:00:00,Production,Client User,A05,Minor,Non-Salesforce Native
B2089,2026-04-22 13:00:00,Production,Client User,A10,Minor,Non-Salesforce Native
B2090,2026-04-10 13:00:00,Production,Client User,A05,Major,Salesforce Flows
B2091,2026-02-21 13:00:00,UAT,QA Team,A15,Minor,Non-Salesforce Native
B2092,2026-03-14 16:00:00,UAT,QA Team,A25,Critical,Salesforce Flows
B2093,2026-03-18 10:00:00,UAT,QA Team,A15,Critical,Salesforce Flows
B2094,2026-04-05 15:00:00,Production,Client User,A40,Minor,Non-Salesforce Native
B2095,2026-02-02 09:00:00,UAT,QA Team,A10,Critical,Non-Salesforce Native
B2096,2026-04-17 14:00:00,UAT,QA Team,A40,Minor,Non-Salesforce Native
B2097,2026-04-25 12:00:00,UAT,QA Team,A30,Major,Non-Salesforce Native
B2098,2026-03-21 12:00:00,Production,Client User,A40,Critical,Non-Salesforce Native
B2099,2026-03-09 11:00:00,Production,Client User,A35,Minor,Non-Salesforce Native
B2100,2026-04-11 10:00:00,Production,Client User,A10,Critical,Non-Salesforce Native
B2101,2026-02-26 15:00:00,Production,Client User,A45,Minor,Non-Salesforce Native
B2102,2026-02-18 13:00:00,UAT,QA Team,A20,Minor,Salesforce Flows
B2103,2026-03-01 14:00:00,UAT,QA Team,A45,Major,Non-Salesforce Native
B2104,2026-04-15 12:00:00,UAT,QA Team,A45,Critical,Salesforce Flows
B2105,2026-02-04 13:00:00,Production,Client User,A50,Major,Non-Salesforce Native
B2106,2026-01-29 14:00:00,Production,Client User,A05,Minor,Non-Salesforce Native
B2107,2026-01-26 09:00:00,Production,Client User,A40,Critical,Salesforce Flows
B2108,2026-01-26 15:00:00,UAT,QA Team,A25,Minor,Salesforce Flows
B2109,2026-02-22 10:00:00,UAT,QA Team,A25,Major,Salesforce Flows
B2110,2026-01-02 14:00:00,Production,Client User,A05,Minor,Non-Salesforce Native
B2111,2026-01-07 15:00:00,UAT,QA Team,A15,Critical,Non-Salesforce Native
B2112,2026-04-29 12:00:00,UAT,QA Team,A45,Major,Non-Salesforce Native
B2113,2026-03-15 10:00:00,Production,Client User,A45,Major,Non-Salesforce Native
B2114,2026-03-01 10:00:00,UAT,QA Team,A20,Minor,Salesforce Flows
B2115,2026-02-02 12:00:00,UAT,QA Team,A35,Minor,Salesforce Flows
B2116,2026-03-29 16:00:00,Production,Client User,A45,Minor,Non-Salesforce Native
B2117,2026-01-26 16:00:00,UAT,QA Team,A45,Minor,Salesforce Flows
B2118,2026-02-10 14:00:00,UAT,QA Team,A25,Minor,Non-Salesforce Native
B2119,2026-02-11 13:00:00,Production,Client User,A05,Minor,Non-Salesforce Native
B2120,2026-02-23 10:00:00,UAT,QA Team,A50,Minor,Salesforce Flows
B2121,2026-01-25 12:00:00,Production,Client User,A40,Minor,Non-Salesforce Native
B2122,2026-01-08 13:00:00,UAT,QA Team,A45,Critical,Non-Salesforce Native
B2123,2026-01-05 16:00:00,UAT,QA Team,A35,Minor,Non-Salesforce Native
B2124,2026-02-06 15:00:00,UAT,QA Team,A35,Minor,Non-Salesforce Native
B2125,2026-03-18 16:00:00,UAT,QA Team,A45,Major,Non-Salesforce Native
B2126,2026-04-18 12:00:00,UAT,QA Team,A15,Critical,Non-Salesforce Native
B2127,2026-03-09 09:00:00,UAT,QA Team,A20,Major,Non-Salesforce Native
B2128,2026-04-13 12:00:00,Production,Client User,A50,Minor,Non-Salesforce Native
B2129,2026-03-20 13:00:00,UAT,QA Team,A30,Minor,Salesforce Flows
B2130,2026-04-15 12:00:00,Production,Client User,A35,Minor,Non-Salesforce Native
B2131,2026-03-05 09:00:00,Production,Client User,A45,Major,Non-Salesforce Native
B2132,2026-03-04 09:00:00,Production,Client User,A25,Minor,Salesforce Flows
B2133,2026-02-22 15:00:00,UAT,QA Team,A45,Minor,Non-Salesforce Native
B2134,2026-04-22 15:00:00,UAT,QA Team,A05,Major,Non-Salesforce Native
B2135,2026-01-31 12:00:00,UAT,QA Team,A05,Major,Non-Salesforce Native
B2136,2026-03-17 14:00:00,UAT,QA Team,A25,Major,Salesforce Flows
B2137,2026-02-02 14:00:00,UAT,QA Team,A50,Critical,Non-Salesforce Native
B2138,2026-02-04 09:00:00,Production,Client User,A05,Major,Non-Salesforce Native
B2139,2026-01-23 11:00:00,UAT,QA Team,A05,Minor,Salesforce Flows
B2140,2026-01-19 14:00:00,Production,Client User,A20,Minor,Non-Salesforce Native
B2141,2026-02-19 10:00:00,Production,Client User,A15,Major,Non-Salesforce Native
B2142,2026-03-04 13:00:00,Production,Client User,A45,Minor,Non-Salesforce Native
B2143,2026-02-03 10:00:00,UAT,QA Team,A50,Minor,Salesforce Flows
B2144,2026-01-20 15:00:00,UAT,QA Team,A20,Minor,Salesforce Flows
B2145,2026-04-02 14:00:00,UAT,QA Team,A20,Minor,Non-Salesforce Native
B2146,2026-03-03 16:00:00,UAT,QA Team,A35,Minor,Salesforce Flows
B2147,2026-03-24 15:00:00,UAT,QA Team,A20,Minor,Non-Salesforce Native
B2148,2026-03-14 14:00:00,UAT,QA Team,A35,Major,Salesforce Flows
B2149,2026-01-07 11:00:00,UAT,QA Team,A20,Critical,Salesforce Flows
B2150,2026-03-21 14:00:00,UAT,QA Team,A30,Minor,Salesforce Flows
B2151,2026-01-24 13:00:00,UAT,QA Team,A35,Minor,Non-Salesforce Native
B2152,2026-02-22 16:00:00,UAT,QA Team,A20,Critical,Non-Salesforce Native
B2153,2026-01-08 09:00:00,UAT,QA Team,A20,Minor,Non-Salesforce Native
B2154,2026-03-03 13:00:00,UAT,QA Team,A10,Major,Salesforce Flows
B2155,2026-01-29 15:00:00,Production,Client User,A25,Minor,Non-Salesforce Native
B2156,2026-03-18 09:00:00,UAT,QA Team,A25,Major,Salesforce Flows
B2157,2026-03-17 13:00:00,UAT,QA Team,A25,Major,Salesforce Flows
B2158,2026-04-23 14:00:00,UAT,QA Team,A30,Major,Non-Salesforce Native
B2159,2026-04-21 16:00:00,UAT,QA Team,A05,Minor,Non-Salesforce Native
B2160,2026-04-03 09:00:00,Production,Client User,A25,Critical,Non-Salesforce Native
B2161,2026-02-17 10:00:00,Production,Client User,A20,Major,Non-Salesforce Native
B2162,2026-04-27 10:00:00,Production,Client User,A35,Minor,Non-Salesforce Native
B2163,2026-02-10 12:00:00,Production,Client User,A35,Minor,Salesforce Flows
B2164,2026-01-11 16:00:00,UAT,QA Team,A20,Major,Salesforce Flows
B2165,2026-03-26 15:00:00,UAT,QA Team,A35,Major,Salesforce Flows
B2166,2026-01-11 09:00:00,Production,Client User,A20,Major,Non-Salesforce Native
B2167,2026-01-16 15:00:00,UAT,QA Team,A35,Critical,Non-Salesforce Native
B2168,2026-03-22 11:00:00,UAT,QA Team,A35,Minor,Non-Salesforce Native
B2169,2026-03-30 12:00:00,Production,Client User,A15,Critical,Non-Salesforce Native
B2170,2026-01-15 15:00:00,UAT,QA Team,A25,Minor,Non-Salesforce Native
B2171,2026-01-29 14:00:00,UAT,QA Team,A10,Major,Non-Salesforce Native
B2172,2026-02-16 14:00:00,UAT,QA Team,A20,Minor,Non-Salesforce Native
B2173,2026-01-06 14:00:00,UAT,QA Team,A05,Critical,Non-Salesforce Native
B2174,2026-03-11 09:00:00,Production,Client User,A05,Major,Non-Salesforce Native
B2175,2026-03-27 10:00:00,UAT,QA Team,A50,Major,Salesforce Flows
B2176,2026-02-21 15:00:00,Production,Client User,A15,Critical,Non-Salesforce Native
B2177,2026-04-12 12:00:00,UAT,QA Team,A40,Minor,Non-Salesforce Native
B2178,2026-04-29 13:00:00,Production,Client User,A50,Critical,Non-Salesforce Native
B2179,2026-01-14 09:00:00,Production,Client User,A15,Minor,Salesforce Flows
B2180,2026-02-08 16:00:00,Production,Client User,A25,Critical,Non-Salesforce Native
B2181,2026-03-06 15:00:00,UAT,QA Team,A05,Critical,Salesforce Flows
B2182,2026-04-16 16:00:00,UAT,QA Team,A15,Critical,Non-Salesforce Native
B2183,2026-04-18 10:00:00,UAT,QA Team,A30,Minor,Non-Salesforce Native
B2184,2026-01-31 13:00:00,UAT,QA Team,A10,Critical,Salesforce Flows
B2185,2026-03-01 15:00:00,Production,Client User,A25,Major,Non-Salesforce Native
B2186,2026-01-11 15:00:00,Production,Client User,A45,Major,Non-Salesforce Native
B2187,2026-04-24 16:00:00,UAT,QA Team,A05,Critical,Non-Salesforce Native
B2188,2026-03-30 15:00:00,Production,Client User,A35,Minor,Non-Salesforce Native
B2189,2026-03-03 09:00:00,UAT,QA Team,A05,Critical,Non-Salesforce Native
B2190,2026-02-01 12:00:00,Production,Client User,A05,Critical,Non-Salesforce Native
B2191,2026-03-11 10:00:00,UAT,QA Team,A05,Minor,Non-Salesforce Native
B2192,2026-02-03 13:00:00,Production,Client User,A10,Minor,Non-Salesforce Native
B2193,2026-02-13 12:00:00,UAT,QA Team,A10,Minor,Non-Salesforce Native
B2194,2026-02-27 12:00:00,UAT,QA Team,A35,Major,Non-Salesforce Native
B2195,2026-03-31 13:00:00,Production,Client User,A05,Minor,Salesforce Flows
B2196,2026-03-11 14:00:00,UAT,QA Team,A40,Major,Non-Salesforce Native
B2197,2026-01-02 10:00:00,UAT,QA Team,A20,Critical,Salesforce Flows
B2198,2026-01-19 09:00:00,UAT,QA Team,A10,Minor,Salesforce Flows
B2199,2026-04-24 13:00:00,UAT,QA Team,A15,Major,Salesforce Flows
B2200,2026-01-10 12:00:00,UAT,QA Team,A05,Minor,Salesforce Flows
B2201,2026-03-30 13:00:00,UAT,QA Team,A05,Minor,Non-Salesforce Native
B2202,2026-03-26 16:00:00,Production,Client User,A05,Critical,Non-Salesforce Native
B2203,2026-03-11 15:00:00,Production,Client User,A15,Major,Non-Salesforce Native
B2204,2026-03-25 12:00:00,UAT,QA Team,A35,Minor,Salesforce Flows
B2205,2026-01-30 11:00:00,Production,Client User,A25,Minor,Non-Salesforce Native
B2206,2026-04-06 13:00:00,UAT,QA Team,A10,Critical,Non-Salesforce Native
B2207,2026-02-19 09:00:00,UAT,QA Team,A05,Critical,Non-Salesforce Native
B2208,2026-01-02 16:00:00,Production,Client User,A25,Minor,Salesforce Flows
B2209,2026-01-14 11:00:00,UAT,QA Team,A20,Minor,Salesforce Flows
B2210,2026-04-27 15:00:00,Production,Client User,A15,Minor,Salesforce Flows
B2211,2026-02-19 16:00:00,UAT,QA Team,A35,Minor,Non-Salesforce Native
B2212,2026-04-21 11:00:00,UAT,QA Team,A35,Critical,Non-Salesforce Native
B2213,2026-01-07 15:00:00,UAT,QA Team,A10,Minor,Salesforce Flows
B2214,2026-03-29 13:00:00,Production,Client User,A05,Major,Non-Salesforce Native
B2215,2026-01-24 11:00:00,UAT,QA Team,A35,Minor,Salesforce Flows
B2216,2026-04-29 14:00:00,UAT,QA Team,A25,Major,Non-Salesforce Native
B2217,2026-01-29 10:00:00,UAT,QA Team,A25,Critical,Non-Salesforce Native
B2218,2026-03-20 13:00:00,Production,Client User,A15,Minor,Non-Salesforce Native
B2219,2026-04-07 13:00:00,Production,Client User,A50,Minor,Non-Salesforce Native
B2220,2026-01-23 09:00:00,UAT,QA Team,A50,Minor,Salesforce Flows
B2221,2026-03-30 09:00:00,Production,Client User,A40,Minor,Non-Salesforce Native
B2222,2026-02-01 16:00:00,UAT,QA Team,A45,Minor,Salesforce Flows
B2223,2026-01-24 13:00:00,UAT,QA Team,A45,Major,Salesforce Flows
B2224,2026-01-03 15:00:00,UAT,QA Team,A45,Major,Salesforce Flows
B2225,2026-03-01 13:00:00,Production,Client User,A45,Minor,Non-Salesforce Native
B2226,2026-01-19 12:00:00,UAT,QA Team,A25,Minor,Salesforce Flows
B2227,2026-01-05 13:00:00,UAT,QA Team,A20,Critical,Salesforce Flows
B2228,2026-02-18 09:00:00,Production,Client User,A50,Major,Non-Salesforce Native
B2229,2026-04-26 09:00:00,UAT,QA Team,A45,Minor,Salesforce Flows
B2230,2026-04-01 13:00:00,UAT,QA Team,A10,Minor,Non-Salesforce Native
B2231,2026-02-16 16:00:00,UAT,QA Team,A25,Minor,Salesforce Flows
B2232,2026-01-15 16:00:00,Production,Client User,A20,Minor,Non-Salesforce Native
B2233,2026-04-19 10:00:00,Production,Client User,A50,Major,Non-Salesforce Native
B2234,2026-04-20 13:00:00,UAT,QA Team,A05,Critical,Salesforce Flows
B2235,2026-03-06 13:00:00,Production,Client User,A40,Minor,Non-Salesforce Native
B2236,2026-03-28 12:00:00,UAT,QA Team,A05,Major,Salesforce Flows
B2237,2026-03-04 12:00:00,UAT,QA Team,A50,Critical,Non-Salesforce Native
B2238,2026-03-14 09:00:00,Production,Client User,A40,Minor,Non-Salesforce Native
B2239,2026-04-03 11:00:00,Production,Client User,A45,Minor,Non-Salesforce Native
B2240,2026-01-01 09:00:00,Production,Client User,A45,Minor,Non-Salesforce Native
B2241,2026-04-09 09:00:00,Production,Client User,A15,Critical,Non-Salesforce Native
B2242,2026-03-25 10:00:00,Production,Client User,A20,Minor,Non-Salesforce Native
B2243,2026-01-19 14:00:00,Production,Client User,A15,Minor,Non-Salesforce Native
B2244,2026-03-08 15:00:00,UAT,QA Team,A40,Minor,Non-Salesforce Native
B2245,2026-02-07 11:00:00,UAT,QA Team,A35,Critical,Salesforce Flows
B2246,2026-03-06 16:00:00,Production,Client User,A45,Major,Non-Salesforce Native
B2247,2026-03-13 13:00:00,Production,Client User,A20,Major,Non-Salesforce Native
B2248,2026-02-14 14:00:00,UAT,QA Team,A05,Minor,Non-Salesforce Native
B2249,2026-02-27 12:00:00,Production,Client User,A20,Major,Non-Salesforce Native
B2250,2026-03-16 11:00:00,UAT,QA Team,A25,Minor,Salesforce Flows
B2251,2026-02-02 13:00:00,Production,Client User,A20,Minor,Non-Salesforce Native
B2252,2026-04-24 16:00:00,UAT,QA Team,A25,Minor,Non-Salesforce Native
B2253,2026-04-01 12:00:00,UAT,QA Team,A45,Critical,Salesforce Flows
B2254,2026-03-08 14:00:00,UAT,QA Team,A45,Critical,Salesforce Flows
B2255,2026-02-18 09:00:00,UAT,QA Team,A35,Minor,Salesforce Flows
B2256,2026-03-23 13:00:00,UAT,QA Team,A05,Minor,Non-Salesforce Native
B2257,2026-01-13 11:00:00,UAT,QA Team,A30,Minor,Salesforce Flows
B2258,2026-04-05 11:00:00,Production,Client User,A30,Critical,Salesforce Flows
B2259,2026-02-11 16:00:00,UAT,QA Team,A40,Major,Salesforce Flows
B2260,2026-02-05 14:00:00,UAT,QA Team,A15,Minor,Non-Salesforce Native
B2261,2026-04-06 15:00:00,Production,Client User,A25,Minor,Salesforce Flows
B2262,2026-02-11 10:00:00,Production,Client User,A05,Minor,Salesforce Flows
B2263,2026-04-23 15:00:00,UAT,QA Team,A15,Minor,Salesforce Flows
B2264,2026-03-24 09:00:00,UAT,QA Team,A15,Minor,Non-Salesforce Native
B2265,2026-02-12 14:00:00,UAT,QA Team,A15,Minor,Salesforce Flows
B2266,2026-04-05 14:00:00,UAT,QA Team,A20,Minor,Salesforce Flows
B2267,2026-03-04 15:00:00,UAT,QA Team,A30,Major,Non-Salesforce Native
B2268,2026-01-18 11:00:00,Production,Client User,A45,Minor,Salesforce Flows
B2269,2026-04-25 13:00:00,UAT,QA Team,A45,Critical,Non-Salesforce Native
B2270,2026-04-20 14:00:00,Production,Client User,A30,Critical,Non-Salesforce Native
B2271,2026-01-31 11:00:00,UAT,QA Team,A50,Minor,Non-Salesforce Native
B2272,2026-04-05 12:00:00,Production,Client User,A45,Minor,Salesforce Flows
B2273,2026-02-19 12:00:00,Production,Client User,A05,Minor,Non-Salesforce Native
B2274,2026-03-04 09:00:00,Production,Client User,A40,Major,Non-Salesforce Native
B2275,2026-01-09 13:00:00,UAT,QA Team,A15,Minor,Non-Salesforce Native
B2276,2026-03-28 12:00:00,Production,Client User,A35,Major,Salesforce Flows
B2277,2026-04-17 11:00:00,Production,Client User,A45,Major,Non-Salesforce Native
B2278,2026-03-22 16:00:00,UAT,QA Team,A20,Critical,Salesforce Flows
B2279,2026-02-09 10:00:00,Production,Client User,A50,Major,Non-Salesforce Native
B2280,2026-04-19 13:00:00,Production,Client User,A45,Critical,Non-Salesforce Native
B2281,2026-02-20 09:00:00,Production,Client User,A15,Major,Non-Salesforce Native
B2282,2026-01-09 13:00:00,UAT,QA Team,A30,Major,Non-Salesforce Native
B2283,2026-03-13 10:00:00,Production,Client User,A30,Minor,Non-Salesforce Native
B2284,2026-04-26 14:00:00,Production,Client User,A10,Major,Non-Salesforce Native
B2285,2026-03-04 15:00:00,UAT,QA Team,A20,Minor,Salesforce Flows
B2286,2026-02-13 10:00:00,UAT,QA Team,A25,Major,Salesforce Flows
B2287,2026-01-09 15:00:00,UAT,QA Team,A50,Minor,Non-Salesforce Native
B2288,2026-03-15 10:00:00,Production,Client User,A40,Minor,Non-Salesforce Native
B2289,2026-01-08 14:00:00,UAT,QA Team,A35,Minor,Non-Salesforce Native
B2290,2026-03-14 10:00:00,UAT,QA Team,A15,Minor,Salesforce Flows
B2291,2026-04-06 09:00:00,UAT,QA Team,A20,Major,Salesforce Flows
B2292,2026-04-01 10:00:00,UAT,QA Team,A10,Major,Non-Salesforce Native
B2293,2026-04-18 15:00:00,UAT,QA Team,A30,Minor,Salesforce Flows
B2294,2026-04-21 16:00:00,UAT,QA Team,A45,Minor,Salesforce Flows
B2295,2026-01-13 09:00:00,UAT,QA Team,A25,Minor,Non-Salesforce Native
B2296,2026-04-21 10:00:00,UAT,QA Team,A30,Critical,Non-Salesforce Native
B2297,2026-01-03 10:00:00,UAT,QA Team,A30,Minor,Non-Salesforce Native
B2298,2026-04-12 12:00:00,Production,Client User,A25,Critical,Non-Salesforce Native
B2299,2026-01-21 12:00:00,Production,Client User,A20,Minor,Non-Salesforce Native
B2300,2026-04-14 11:00:00,UAT,QA Team,A25,Minor,Non-Salesforce Native
B2301,2026-03-02 11:00:00,UAT,QA Team,A35,Critical,Salesforce Flows
B2302,2026-04-21 11:00:00,UAT,QA Team,A25,Minor,Salesforce Flows
B2303,2026-04-07 14:00:00,Production,Client User,A30,Minor,Non-Salesforce Native
B2304,2026-02-22 10:00:00,Production,Client User,A15,Major,Non-Salesforce Native
B2305,2026-04-30 09:00:00,Production,Client User,A50,Minor,Non-Salesforce Native
B2306,2026-03-13 12:00:00,UAT,QA Team,A25,Minor,Non-Salesforce Native
B2307,2026-04-21 12:00:00,UAT,QA Team,A50,Major,Salesforce Flows
B2308,2026-02-05 09:00:00,Production,Client User,A50,Major,Non-Salesforce Native
B2309,2026-04-17 09:00:00,Production,Client User,A40,Major,Salesforce Flows
B2310,2026-04-02 12:00:00,Production,Client User,A40,Minor,Salesforce Flows
B2311,2026-04-06 14:00:00,UAT,QA Team,A25,Minor,Salesforce Flows
B2312,2026-03-30 09:00:00,Production,Client User,A15,Major,Salesforce Flows
B2313,2026-01-08 15:00:00,UAT,QA Team,A50,Major,Non-Salesforce Native
B2314,2026-02-17 15:00:00,UAT,QA Team,A05,Major,Salesforce Flows
B2315,2026-04-17 13:00:00,UAT,QA Team,A05,Major,Non-Salesforce Native
B2316,2026-04-04 15:00:00,Production,Client User,A35,Minor,Non-Salesforce Native
B2317,2026-03-15 10:00:00,Production,Client User,A15,Minor,Non-Salesforce Native
B2318,2026-02-20 10:00:00,UAT,QA Team,A50,Minor,Salesforce Flows
B2319,2026-04-11 12:00:00,Production,Client User,A10,Major,Non-Salesforce Native
B2320,2026-03-05 16:00:00,UAT,QA Team,A30,Minor,Non-Salesforce Native
B2321,2026-03-08 11:00:00,Production,Client User,A35,Major,Non-Salesforce Native
B2322,2026-02-07 16:00:00,UAT,QA Team,A25,Major,Non-Salesforce Native
B2323,2026-02-18 16:00:00,UAT,QA Team,A15,Critical,Non-Salesforce Native
B2324,2026-04-29 16:00:00,Production,Client User,A40,Major,Non-Salesforce Native
B2325,2026-04-20 10:00:00,Production,Client User,A05,Major,Non-Salesforce Native
B2326,2026-01-10 10:00:00,UAT,QA Team,A35,Minor,Non-Salesforce Native
B2327,2026-01-27 15:00:00,UAT,QA Team,A05,Major,Salesforce Flows
B2328,2026-01-11 13:00:00,Production,Client User,A10,Minor,Non-Salesforce Native
B2329,2026-03-01 12:00:00,UAT,QA Team,A35,Major,Salesforce Flows
B2330,2026-02-28 16:00:00,UAT,QA Team,A05,Minor,Salesforce Flows
B2331,2026-01-28 12:00:00,UAT,QA Team,A35,Critical,Salesforce Flows
B2332,2026-03-16 12:00:00,UAT,QA Team,A10,Minor,Salesforce Flows
B2333,2026-02-03 09:00:00,UAT,QA Team,A15,Major,Salesforce Flows
B2334,2026-02-12 11:00:00,UAT,QA Team,A50,Major,Non-Salesforce Native
B2335,2026-04-14 15:00:00,Production,Client User,A40,Minor,Salesforce Flows
B2336,2026-01-02 09:00:00,UAT,QA Team,A25,Minor,Non-Salesforce Native
B2337,2026-01-25 09:00:00,Production,Client User,A15,Critical,Salesforce Flows
B2338,2026-01-20 13:00:00,UAT,QA Team,A35,Major,Non-Salesforce Native
B2339,2026-02-09 09:00:00,UAT,QA Team,A35,Minor,Non-Salesforce Native
B2340,2026-03-18 10:00:00,Production,Client User,A25,Major,Non-Salesforce Native
B2341,2026-04-17 14:00:00,UAT,QA Team,A25,Critical,Salesforce Flows
B2342,2026-03-29 16:00:00,UAT,QA Team,A30,Major,Salesforce Flows
B2343,2026-01-15 13:00:00,Production,Client User,A15,Minor,Non-Salesforce Native
B2344,2026-01-10 12:00:00,UAT,QA Team,A30,Minor,Salesforce Flows
B2345,2026-03-21 16:00:00,UAT,QA Team,A05,Minor,Non-Salesforce Native
B2346,2026-02-19 09:00:00,Production,Client User,A30,Critical,Non-Salesforce Native
B2347,2026-03-13 11:00:00,UAT,QA Team,A20,Critical,Non-Salesforce Native
B2348,2026-01-25 12:00:00,Production,Client User,A05,Major,Non-Salesforce Native
B2349,2026-03-02 11:00:00,UAT,QA Team,A25,Minor,Salesforce Flows
B2350,2026-01-27 15:00:00,Production,Client User,A25,Minor,Non-Salesforce Native
B2351,2026-01-29 14:00:00,UAT,QA Team,A10,Minor,Salesforce Flows
B2352,2026-01-05 13:00:00,Production,Client User,A45,Major,Non-Salesforce Native
B2353,2026-04-23 09:00:00,UAT,QA Team,A45,Major,Salesforce Flows
B2354,2026-03-09 09:00:00,UAT,QA Team,A30,Critical,Salesforce Flows
B2355,2026-03-04 15:00:00,UAT,QA Team,A15,Minor,Non-Salesforce Native
B2356,2026-02-20 16:00:00,Production,Client User,A25,Critical,Non-Salesforce Native
B2357,2026-03-20 15:00:00,UAT,QA Team,A50,Minor,Salesforce Flows
B2358,2026-04-28 14:00:00,UAT,QA Team,A10,Critical,Non-Salesforce Native
B2359,2026-03-06 11:00:00,UAT,QA Team,A35,Minor,Salesforce Flows
B2360,2026-03-28 11:00:00,UAT,QA Team,A45,Minor,Non-Salesforce Native
B2361,2026-02-05 12:00:00,Production,Client User,A30,Major,Non-Salesforce Native
B2362,2026-01-21 09:00:00,Production,Client User,A10,Major,Non-Salesforce Native
B2363,2026-01-23 09:00:00,Production,Client User,A45,Critical,Non-Salesforce Native
B2364,2026-02-07 11:00:00,Production,Client User,A30,Major,Salesforce Flows
B2365,2026-02-12 13:00:00,Production,Client User,A40,Major,Non-Salesforce Native
B2366,2026-03-18 10:00:00,Production,Client User,A40,Critical,Non-Salesforce Native
B2367,2026-03-24 16:00:00,UAT,QA Team,A25,Minor,Salesforce Flows
B2368,2026-04-13 10:00:00,Production,Client User,A05,Critical,Non-Salesforce Native
B2369,2026-02-21 12:00:00,Production,Client User,A25,Minor,Non-Salesforce Native
B2370,2026-01-18 12:00:00,UAT,QA Team,A25,Minor,Non-Salesforce Native
B2371,2026-01-09 12:00:00,UAT,QA Team,A20,Major,Salesforce Flows
B2372,2026-03-01 13:00:00,UAT,QA Team,A20,Minor,Non-Salesforce Native
B2373,2026-04-21 12:00:00,UAT,QA Team,A45,Major,Non-Salesforce Native
B2374,2026-01-10 12:00:00,Production,Client User,A25,Critical,Non-Salesforce Native
B2375,2026-03-23 11:00:00,UAT,QA Team,A40,Minor,Non-Salesforce Native
B2376,2026-04-30 16:00:00,UAT,QA Team,A45,Minor,Non-Salesforce Native
B2377,2026-02-10 16:00:00,UAT,QA Team,A25,Minor,Non-Salesforce Native
B2378,2026-01-26 13:00:00,UAT,QA Team,A45,Minor,Non-Salesforce Native
B2379,2026-02-13 11:00:00,Production,Client User,A30,Minor,Salesforce Flows
B2380,2026-01-25 13:00:00,UAT,QA Team,A40,Minor,Non-Salesforce Native
B2381,2026-01-06 13:00:00,UAT,QA Team,A10,Major,Non-Salesforce Native
B2382,2026-02-26 12:00:00,UAT,QA Team,A30,Minor,Non-Salesforce Native
B2383,2026-01-04 13:00:00,UAT,QA Team,A40,Major,Non-Salesforce Native
B2384,2026-01-04 10:00:00,Production,Client User,A15,Minor,Non-Salesforce Native
B2385,2026-04-09 10:00:00,UAT,QA Team,A50,Minor,Salesforce Flows
B2386,2026-01-13 09:00:00,UAT,QA Team,A25,Major,Salesforce Flows
B2387,2026-02-01 12:00:00,UAT,QA Team,A30,Critical,Salesforce Flows
B2388,2026-04-07 14:00:00,UAT,QA Team,A10,Minor,Salesforce Flows
B2389,2026-03-17 14:00:00,UAT,QA Team,A30,Minor,Non-Salesforce Native
B2390,2026-04-03 13:00:00,UAT,QA Team,A15,Minor,Non-Salesforce Native
B2391,2026-04-05 09:00:00,UAT,QA Team,A15,Minor,Salesforce Flows
B2392,2026-02-26 16:00:00,UAT,QA Team,A30,Major,Salesforce Flows
B2393,2026-04-17 12:00:00,UAT,QA Team,A45,Critical,Salesforce Flows
B2394,2026-01-15 09:00:00,Production,Client User,A10,Minor,Non-Salesforce Native
B2395,2026-02-28 11:00:00,UAT,QA Team,A25,Major,Non-Salesforce Native
B2396,2026-03-26 15:00:00,Production,Client User,A25,Minor,Salesforce Flows
B2397,2026-02-10 09:00:00,UAT,QA Team,A25,Major,Salesforce Flows
B2398,2026-02-20 10:00:00,Production,Client User,A10,Minor,Non-Salesforce Native
B2399,2026-03-31 16:00:00,UAT,QA Team,A40,Critical,Salesforce Flows
B2400,2026-01-31 12:00:00,UAT,QA Team,A20,Minor,Salesforce Flows
B2401,2026-01-09 16:00:00,UAT,QA Team,A40,Minor,Non-Salesforce Native
B2402,2026-03-24 10:00:00,UAT,QA Team,A40,Major,Salesforce Flows
B2403,2026-01-07 14:00:00,UAT,QA Team,A40,Critical,Non-Salesforce Native
B2404,2026-01-17 15:00:00,UAT,QA Team,A25,Minor,Non-Salesforce Native
B2405,2026-01-03 16:00:00,UAT,QA Team,A10,Minor,Non-Salesforce Native
B2406,2026-04-28 12:00:00,Production,Client User,A45,Critical,Non-Salesforce Native
B2407,2026-04-26 12:00:00,UAT,QA Team,A10,Minor,Salesforce Flows
B2408,2026-03-03 10:00:00,UAT,QA Team,A05,Major,Salesforce Flows
B2409,2026-03-28 11:00:00,UAT,QA Team,A15,Minor,Salesforce Flows
B2410,2026-03-18 16:00:00,Production,Client User,A45,Minor,Non-Salesforce Native
B2411,2026-02-20 16:00:00,Production,Client User,A40,Minor,Non-Salesforce Native
B2412,2026-01-09 14:00:00,UAT,QA Team,A25,Major,Non-Salesforce Native
B2413,2026-03-31 10:00:00,UAT,QA Team,A40,Minor,Salesforce Flows
B2414,2026-03-29 12:00:00,UAT,QA Team,A20,Minor,Salesforce Flows
B2415,2026-01-19 15:00:00,Production,Client User,A15,Minor,Non-Salesforce Native
B2416,2026-04-02 15:00:00,Production,Client User,A10,Minor,Non-Salesforce Native
B2417,2026-04-16 15:00:00,Production,Client User,A10,Major,Non-Salesforce Native
B2418,2026-02-10 09:00:00,Production,Client User,A50,Major,Non-Salesforce Native
B2419,2026-02-22 14:00:00,UAT,QA Team,A50,Critical,Non-Salesforce Native
B2420,2026-04-02 11:00:00,UAT,QA Team,A05,Critical,Non-Salesforce Native
B2421,2026-02-22 12:00:00,UAT,QA Team,A10,Major,Non-Salesforce Native
B2422,2026-03-25 11:00:00,Production,Client User,A40,Major,Non-Salesforce Native
B2423,2026-03-20 15:00:00,UAT,QA Team,A25,Critical,Salesforce Flows
B2424,2026-04-21 11:00:00,UAT,QA Team,A10,Minor,Non-Salesforce Native
B2425,2026-01-12 12:00:00,UAT,QA Team,A30,Critical,Non-Salesforce Native
B2426,2026-04-06 15:00:00,UAT,QA Team,A45,Minor,Non-Salesforce Native
B2427,2026-03-15 13:00:00,UAT,QA Team,A10,Minor,Salesforce Flows
B2428,2026-04-07 09:00:00,UAT,QA Team,A45,Minor,Salesforce Flows
B2429,2026-02-05 10:00:00,UAT,QA Team,A25,Critical,Salesforce Flows
B2430,2026-01-26 14:00:00,Production,Client User,A10,Major,Non-Salesforce Native
B2431,2026-04-30 13:00:00,UAT,QA Team,A40,Major,Salesforce Flows
B2432,2026-02-25 16:00:00,UAT,QA Team,A40,Minor,Salesforce Flows
B2433,2026-04-10 09:00:00,UAT,QA Team,A20,Critical,Non-Salesforce Native
B2434,2026-01-20 11:00:00,UAT,QA Team,A25,Minor,Salesforce Flows
B2435,2026-03-20 10:00:00,UAT,QA Team,A10,Minor,Salesforce Flows
B2436,2026-02-02 11:00:00,UAT,QA Team,A20,Minor,Salesforce Flows
B2437,2026-04-09 11:00:00,Production,Client User,A50,Minor,Non-Salesforce Native
B2438,2026-03-01 13:00:00,Production,Client User,A45,Minor,Non-Salesforce Native
B2439,2026-03-10 16:00:00,UAT,QA Team,A10,Minor,Non-Salesforce Native
B2440,2026-02-08 16:00:00,UAT,QA Team,A50,Critical,Non-Salesforce Native
B2441,2026-01-29 14:00:00,UAT,QA Team,A10,Critical,Salesforce Flows
B2442,2026-04-16 10:00:00,UAT,QA Team,A15,Minor,Non-Salesforce Native
B2443,2026-04-28 09:00:00,Production,Client User,A15,Major,Non-Salesforce Native
B2444,2026-04-24 16:00:00,Production,Client User,A05,Major,Non-Salesforce Native
B2445,2026-03-09 15:00:00,UAT,QA Team,A50,Major,Salesforce Flows
B2446,2026-01-17 12:00:00,Production,Client User,A35,Minor,Salesforce Flows
B2447,2026-04-25 12:00:00,Production,Client User,A20,Critical,Non-Salesforce Native
B2448,2026-04-09 10:00:00,UAT,QA Team,A05,Minor,Non-Salesforce Native
B2449,2026-01-19 10:00:00,UAT,QA Team,A50,Minor,Non-Salesforce Native
B2450,2026-02-17 16:00:00,UAT,QA Team,A10,Minor,Salesforce Flows
B2451,2026-01-03 12:00:00,UAT,QA Team,A15,Critical,Non-Salesforce Native
B2452,2026-04-30 14:00:00,UAT,QA Team,A15,Major,Non-Salesforce Native
B2453,2026-02-08 15:00:00,UAT,QA Team,A20,Minor,Salesforce Flows
B2454,2026-01-01 16:00:00,UAT,QA Team,A45,Major,Salesforce Flows
B2455,2026-04-13 10:00:00,UAT,QA Team,A25,Minor,Salesforce Flows
B2456,2026-01-01 11:00:00,Production,Client User,A40,Minor,Non-Salesforce Native
B2457,2026-03-06 12:00:00,Production,Client User,A10,Critical,Non-Salesforce Native
B2458,2026-04-17 11:00:00,Production,Client User,A30,Minor,Non-Salesforce Native
B2459,2026-03-23 11:00:00,Production,Client User,A45,Major,Non-Salesforce Native
B2460,2026-01-23 09:00:00,UAT,QA Team,A30,Major,Salesforce Flows
B2461,2026-03-11 10:00:00,UAT,QA Team,A45,Minor,Non-Salesforce Native
B2462,2026-02-17 14:00:00,UAT,QA Team,A30,Minor,Non-Salesforce Native
B2463,2026-03-17 09:00:00,Production,Client User,A15,Critical,Non-Salesforce Native
B2464,2026-02-05 13:00:00,UAT,QA Team,A15,Minor,Non-Salesforce Native
B2465,2026-02-03 14:00:00,UAT,QA Team,A35,Minor,Salesforce Flows
B2466,2026-03-24 09:00:00,Production,Client User,A50,Major,Non-Salesforce Native
B2467,2026-01-26 11:00:00,UAT,QA Team,A25,Critical,Salesforce Flows
B2468,2026-03-31 12:00:00,UAT,QA Team,A05,Critical,Non-Salesforce Native
B2469,2026-03-02 16:00:00,Production,Client User,A40,Critical,Non-Salesforce Native
B2470,2026-03-15 10:00:00,Production,Client User,A20,Minor,Non-Salesforce Native
B2471,2026-03-24 13:00:00,UAT,QA Team,A10,Minor,Non-Salesforce Native
B2472,2026-02-10 10:00:00,Production,Client User,A10,Minor,Non-Salesforce Native
B2473,2026-01-28 11:00:00,UAT,QA Team,A10,Minor,Non-Salesforce Native
B2474,2026-04-07 14:00:00,Production,Client User,A10,Critical,Non-Salesforce Native
B2475,2026-01-03 12:00:00,Production,Client User,A05,Major,Non-Salesforce Native
B2476,2026-03-15 15:00:00,UAT,QA Team,A25,Minor,Salesforce Flows
B2477,2026-04-13 11:00:00,UAT,QA Team,A50,Minor,Non-Salesforce Native
B2478,2026-04-19 14:00:00,UAT,QA Team,A35,Critical,Non-Salesforce Native
B2479,2026-04-16 15:00:00,UAT,QA Team,A40,Minor,Salesforce Flows
B2480,2026-04-20 09:00:00,Production,Client User,A50,Major,Non-Salesforce Native
B2481,2026-02-02 16:00:00,UAT,QA Team,A35,Major,Salesforce Flows
B2482,2026-04-24 16:00:00,UAT,QA Team,A45,Critical,Salesforce Flows
B2483,2026-04-09 11:00:00,Production,Client User,A10,Major,Non-Salesforce Native
B2484,2026-01-30 16:00:00,UAT,QA Team,A50,Major,Salesforce Flows
B2485,2026-04-10 11:00:00,UAT,QA Team,A40,Major,Salesforce Flows
B2486,2026-04-27 12:00:00,Production,Client User,A10,Major,Salesforce Flows
B2487,2026-04-20 12:00:00,UAT,QA Team,A10,Minor,Non-Salesforce Native
B2488,2026-01-22 09:00:00,Production,Client User,A35,Minor,Non-Salesforce Native
B2489,2026-03-03 11:00:00,UAT,QA Team,A15,Critical,Non-Salesforce Native
B2490,2026-03-01 15:00:00,Production,Client User,A20,Minor,Non-Salesforce Native
B2491,2026-02-18 11:00:00,UAT,QA Team,A10,Critical,Salesforce Flows
B2492,2026-04-25 10:00:00,UAT,QA Team,A35,Major,Non-Salesforce Native
B2493,2026-01-28 12:00:00,Production,Client User,A30,Critical,Non-Salesforce Native
B2494,2026-01-05 14:00:00,UAT,QA Team,A10,Minor,Non-Salesforce Native
B2495,2026-01-01 15:00:00,UAT,QA Team,A25,Minor,Salesforce Flows
B2496,2026-01-16 14:00:00,Production,Client User,A15,Major,Non-Salesforce Native
B2497,2026-04-25 15:00:00,Production,Client User,A20,Minor,Non-Salesforce Native
B2498,2026-02-10 16:00:00,UAT,QA Team,A05,Critical,Non-Salesforce Native
B2499,2026-02-19 15:00:00,Production,Client User,A45,Minor,Salesforce Flows
B2500,2026-04-09 15:00:00,UAT,QA Team,A30,Minor,Non-Salesforce Native
